Price,Mfg_Year,KM,HP,Quarterly_Tax,Weight,Mfr_Guarantee,Airco,Central_Lock,Powered_Windows,Metallic_Rim
13500,2002,46986,90,210,1165,0,0,1,1,0
13750,2002,72937,90,210,1165,0,1,1,0,0
13950,2002,41711,90,210,1165,1,0,0,0,0
14950,2002,48000,90,210,1165,1,0,0,0,0
13750,2002,38500,90,210,1170,1,1,1,1,0
12950,2002,61000,90,210,1170,0,1,1,1,0
16900,2002,94612,90,210,1245,0,1,1,1,0
18600,2002,75889,90,210,1245,1,1,1,1,0
21500,2002,19700,192,100,1185,0,1,1,1,1
12950,2002,71138,69,185,1105,0,1,0,0,0
20950,2002,31461,192,100,1185,1,1,1,1,1
19950,2002,43610,192,100,1185,1,1,1,1,1
19600,2002,32189,192,100,1185,1,1,1,1,1
21500,2002,23000,192,100,1185,1,1,1,1,1
22500,2002,34131,192,100,1185,1,1,1,1,1
22000,2002,18739,192,100,1185,0,1,1,1,1
22750,2002,34000,192,100,1185,0,1,1,1,1
17950,2002,21716,110,85,1105,0,1,1,1,0
16750,2002,25563,110,19,1065,0,1,1,1,0
16950,2002,64359,110,85,1105,1,1,1,1,0
15950,2002,67660,110,85,1105,1,1,1,1,0
16950,2002,43905,110,100,1170,0,1,1,1,0
15950,2002,56349,110,85,1120,0,1,1,1,1
16950,2002,32220,110,85,1120,1,1,1,1,0
16250,2002,25813,110,85,1120,1,1,1,1,0
15950,2002,28450,110,85,1120,0,1,1,1,1
17495,2002,34545,110,85,1120,1,1,1,1,1
15750,2002,41415,110,85,1120,1,1,1,1,1
16950,2002,44142,110,85,1120,1,1,1,1,0
17950,2002,11090,110,85,1120,1,1,1,1,0
12950,2002,9750,97,19,1100,1,0,0,0,0
15750,2002,35199,97,85,1100,1,1,1,1,1
15950,2002,29510,97,85,1100,1,1,1,1,0
14950,2002,32692,97,85,1100,0,1,1,1,0
15500,2002,41000,97,85,1100,0,1,1,1,0
15750,2002,43000,97,85,1100,1,1,1,1,0
15950,2002,25000,97,85,1100,0,1,1,1,0
14950,2002,10000,97,85,1100,1,0,1,1,0
15750,2002,25329,97,85,1100,1,1,1,1,0
14750,2002,27500,97,85,1100,1,0,0,0,0
13950,2002,49059,97,85,1100,0,0,0,0,0
16750,2002,44068,97,85,1100,1,1,1,1,0
13950,2002,46961,97,85,1100,1,0,0,0,0
16950,2002,110404,90,234,1255,1,1,1,1,0
16950,2002,100250,90,234,1255,1,1,1,1,0
19000,2002,84000,90,234,1270,0,1,1,1,0
17950,2002,79375,90,234,1255,0,1,1,1,0
15800,2002,75048,97,85,1110,0,1,1,1,0
17950,2002,72215,90,234,1255,1,1,1,1,0
21950,2002,64982,192,100,1195,1,1,1,1,1
17950,2002,62636,90,234,1255,1,1,1,1,0
15750,2002,57086,97,85,1110,0,1,1,1,1
20500,2002,56000,110,100,1180,1,1,1,1,1
21950,2002,49866,192,100,1195,0,1,1,1,1
15500,2002,49163,110,100,1165,0,0,0,0,0
13250,2002,45725,110,85,1075,1,1,1,1,0
15250,2002,43210,97,85,1110,0,1,1,1,0
15250,2002,43000,97,85,1110,1,1,1,1,0
18950,2002,39704,110,100,1180,1,1,1,1,0
15999,2002,38950,110,85,1130,0,1,1,1,0
14950,2002,37400,97,85,1110,0,1,1,1,0
16500,2002,37177,110,85,1130,0,1,1,1,0
18750,2002,36544,110,85,1130,1,1,1,1,0
17950,2002,33511,110,85,1130,1,1,1,1,0
17950,2002,32809,97,85,1110,0,1,1,1,0
16950,2002,32181,110,19,1075,0,1,1,1,0
18950,2002,30993,110,85,1130,1,1,1,1,0
14950,2002,30400,97,85,1110,0,1,1,1,0
22250,2002,30000,110,234,1275,1,1,1,1,0
15950,2002,29719,97,85,1110,1,0,0,1,0
15950,2002,29206,97,85,1110,1,1,1,1,0
12995,2002,29198,97,85,1060,1,1,0,1,1
18950,2002,28817,110,85,1130,1,1,1,1,0
15750,2002,28227,97,85,1110,0,0,0,0,0
19950,2002,28000,110,85,1130,1,1,1,1,1
16950,2002,28000,110,85,1115,1,1,1,1,0
18750,2002,25266,110,85,1130,1,1,1,1,0
18450,2002,23489,110,85,1115,0,0,1,1,0
16895,2002,22575,110,85,1115,1,1,1,1,0
14900,2002,22000,97,85,1110,1,0,1,1,0
18950,2002,20019,110,100,1180,0,1,1,1,0
17250,2002,20000,110,85,1115,1,1,1,1,0
15450,2002,17003,97,85,1110,0,0,0,0,0
17950,2002,16238,110,100,1180,1,1,1,1,0
16650,2002,15414,97,85,1110,1,1,1,1,0
17450,2002,8537,110,85,1130,0,1,1,1,0
14900,2002,7000,97,85,1100,0,1,1,0,0
17950,2003,66966,90,210,1245,0,1,1,1,0
15950,2003,51884,97,85,1100,1,1,1,1,0
21950,2003,50005,110,234,1265,1,1,1,1,0
16450,2003,48110,97,85,1100,1,1,1,1,0
22250,2003,37500,90,234,1260,0,1,1,1,0
19950,2003,34472,90,234,1260,0,1,1,1,1
15950,2003,33329,97,85,1100,0,1,1,1,0
18900,2003,31850,110,85,1120,0,1,1,1,0
19950,2003,30351,90,234,1260,0,1,1,1,0
15950,2003,29435,97,85,1100,0,1,1,1,0
15950,2003,25948,97,85,1100,1,1,1,1,0
18750,2003,24500,110,85,1120,0,1,1,1,1
17450,2003,23902,97,85,1100,1,1,1,1,1
18990,2003,23175,110,85,1120,1,1,1,1,0
16250,2003,19200,97,85,1100,0,1,1,1,1
18500,2003,18000,71,85,1125,0,1,1,1,0
18500,2003,16123,110,85,1105,1,1,1,1,1
19450,2003,14635,110,100,1155,1,1,1,1,0
16950,2003,13748,97,85,1100,1,1,1,1,0
18800,2003,11500,110,69,1045,0,1,1,1,0
17450,2003,10000,97,85,1100,1,1,1,1,0
17950,2003,7187,110,85,1105,1,1,1,1,0
32500,2004,1,116,283,1480,1,1,1,1,0
31000,2004,4000,116,283,1480,0,1,1,1,1
31275,2004,1500,116,283,1480,1,1,1,1,0
24950,2004,13253,116,234,1320,0,1,1,1,0
24950,2004,13253,116,234,1320,0,1,1,1,0
22950,2004,10000,116,234,1270,0,1,1,1,1
24990,2004,6000,90,234,1280,1,1,1,1,1
21950,2004,10841,90,234,1270,0,1,1,1,0
17900,2004,1,110,85,1105,0,1,1,1,0
19250,2003,63000,90,234,1255,0,1,1,1,0
22250,2003,57313,110,234,1275,1,1,1,1,1
18950,2003,57037,110,85,1115,0,1,1,1,0
19950,2003,51099,90,234,1255,0,1,1,1,0
16350,2003,40010,110,85,1115,1,0,1,1,0
18950,2003,39115,110,85,1130,1,1,1,1,0
16950,2003,36012,110,85,1130,1,1,1,1,0
21750,2003,36000,110,85,1130,1,1,1,1,1
15950,2003,36000,110,19,1075,0,1,1,1,1
16500,2003,35000,97,85,1110,0,1,1,1,0
17950,2003,33740,97,85,1135,0,1,1,1,0
15850,2003,33477,110,19,1075,0,1,1,1,0
16250,2003,32627,97,85,1110,0,1,1,1,0
15950,2003,29797,97,85,1110,1,1,1,1,0
16250,2003,29441,97,85,1110,0,1,1,1,0
15950,2003,29371,110,19,1105,0,1,1,1,0
16500,2003,29000,97,85,1110,0,1,1,1,0
16500,2003,27821,97,85,1110,1,1,1,1,0
18450,2003,27371,97,85,1135,0,1,1,1,0
16250,2003,25170,110,19,1105,0,1,1,1,0
23000,2003,25000,116,64,1320,0,1,1,1,1
19900,2003,23000,110,85,1130,0,1,1,1,0
16450,2003,22588,97,85,1110,1,1,1,1,0
23950,2003,21684,192,19,1185,0,1,1,1,1
19950,2003,21428,110,85,1130,1,1,1,1,1
18500,2003,20629,110,85,1090,1,1,1,1,0
18950,2003,20270,110,85,1130,1,1,1,1,0
16450,2003,20105,97,85,1110,1,0,1,1,0
20500,2003,20000,110,100,1165,0,1,1,1,0
24500,2003,19988,110,85,1130,1,1,1,1,1
19450,2003,18328,110,85,1130,1,1,1,1,0
20950,2003,17896,110,85,1150,0,1,1,1,0
17200,2003,17300,97,85,1110,1,1,1,1,0
19950,2003,17038,110,85,1130,1,1,1,1,0
18450,2003,13747,97,85,1110,1,1,1,1,1
19500,2003,13634,110,85,1115,1,1,1,1,1
21750,2003,13178,110,85,1130,1,1,1,1,1
16868,2003,13157,97,85,1085,1,1,1,1,0
19500,2003,13000,110,85,1105,1,1,1,1,0
18900,2003,12500,110,85,1115,1,1,1,1,0
19750,2003,11999,110,85,1130,0,1,1,1,1
19750,2003,11754,110,100,1180,0,1,1,1,0
18950,2003,11000,110,85,1105,1,1,1,1,0
20750,2003,10000,110,85,1105,0,1,1,1,0
19600,2003,7650,110,85,1115,0,1,1,1,0
19500,2003,6500,110,85,1100,0,1,1,1,0
17650,2003,6155,97,85,1110,1,1,1,1,0
19950,2003,6000,110,85,1130,0,1,1,1,0
19950,2003,5459,110,85,1130,0,1,1,1,1
20950,2003,5278,110,85,1150,1,1,1,1,0
20500,2003,5000,110,85,1130,1,1,1,1,0
17795,2003,1,98,19,1065,0,1,1,1,0
18245,2003,1,110,19,1075,0,1,1,1,0
23750,2004,11000,110,85,1130,0,0,1,1,1
19500,2004,10077,97,85,1110,1,1,1,1,1
18950,2004,10000,97,85,1110,0,1,1,1,0
21950,2004,9788,110,85,1130,1,1,1,1,1
19950,2004,8574,110,85,1130,1,1,1,1,1
18950,2004,7000,110,85,1115,0,1,1,1,1
19950,2004,6250,110,85,1115,0,1,1,1,1
21950,2004,5000,110,85,1130,0,1,1,1,1
22500,2004,3000,110,85,1130,1,1,1,1,1
18500,2004,2000,110,19,1075,0,1,1,1,1
18700,2004,450,97,85,1110,0,1,1,1,0
21125,2004,225,97,85,1110,1,1,1,1,1
21500,2004,15,110,85,1130,1,1,1,1,0
17795,2004,1,98,19,1100,0,1,1,1,0
18245,2004,1,110,19,1075,0,1,1,1,0
6950,2001,243000,69,185,1110,0,1,1,1,1
9500,2001,180638,90,210,1160,0,1,1,1,0
11950,2001,179860,90,210,1205,0,1,1,1,0
7750,2001,178858,110,197,1084,0,0,0,0,0
11950,2001,161000,69,185,1105,0,0,1,0,0
4350,2001,158320,69,64,1110,0,0,1,1,0
4750,2001,131273,69,64,1110,0,1,1,1,0
11750,2001,130062,69,185,1140,0,1,0,0,0
13250,2001,123425,69,185,1140,0,1,1,1,0
11950,2001,118217,110,85,1075,0,1,1,1,0
11900,2001,110000,69,185,1095,0,1,1,1,0
14750,2001,108847,90,210,1205,0,1,1,1,0
9950,2001,105699,97,69,1025,0,0,0,0,0
11950,2001,98823,110,197,1119,1,1,1,0,0
11495,2001,96829,110,85,1075,1,1,0,0,1
11250,2001,96518,97,69,1025,0,1,0,0,0
10500,2001,92204,110,85,1075,1,1,1,1,0
10450,2001,91456,69,185,1110,0,1,1,1,0
12950,2001,89968,69,185,1140,0,0,1,1,1
11500,2001,89757,110,69,1045,1,1,1,1,1
12500,2001,85389,110,85,1075,0,1,1,1,0
10950,2001,85017,97,85,1060,1,0,0,0,0
11450,2001,84312,110,85,1080,0,1,1,1,0
11950,2001,82743,110,197,1121,1,1,1,1,0
13250,2001,81106,69,185,1140,0,1,1,0,0
14750,2001,80425,90,210,1205,0,1,1,1,0
11790,2001,78677,110,85,1105,0,1,1,1,0
11450,2001,78425,110,85,1075,0,0,0,0,0
13500,2001,78108,90,210,1170,1,1,1,1,0
10950,2001,77321,110,85,1075,0,1,1,1,0
13500,2001,75699,69,185,1105,1,1,1,1,0
10950,2001,75697,97,69,1025,1,0,0,0,0
10950,2001,74846,97,69,1025,1,0,1,0,1
12950,2001,74319,110,85,1075,1,1,1,1,0
11950,2001,74285,110,85,1075,0,0,0,0,0
12450,2001,74172,110,163,1615,1,1,1,1,0
11950,2001,73042,110,85,1075,1,1,1,1,0
14950,2001,71793,110,197,1067,1,1,1,1,0
12450,2001,71200,110,85,1075,0,1,0,1,0
12950,2001,67805,110,85,1075,1,1,0,0,0
11950,2001,65988,110,69,1040,1,0,0,0,0
11690,2001,65345,97,85,1060,1,1,1,1,0
12450,2001,64564,110,85,1080,1,1,1,1,0
12750,2001,63459,97,85,1060,1,1,1,1,1
11925,2001,63451,97,69,1025,1,0,0,0,0
12950,2001,62000,110,19,1075,1,1,1,1,0
11950,2001,61300,97,69,1030,1,1,1,1,0
12900,2001,61200,110,69,1045,1,1,1,1,1
11900,2001,61000,110,85,1075,0,0,0,0,0
11650,2001,60829,110,85,1075,1,0,0,0,0
10950,2001,60500,110,85,1075,1,0,0,0,0
13950,2001,59500,69,64,1110,1,1,1,1,0
13950,2001,59000,110,85,1110,0,1,1,1,0
11950,2001,58954,110,85,1080,0,1,1,1,0
10950,2001,58798,110,85,1075,1,0,0,0,0
12450,2001,58363,110,85,1055,0,1,1,1,1
11950,2001,58277,110,69,1045,0,1,1,1,0
13500,2001,57711,90,210,1165,1,1,0,0,0
11690,2001,57269,110,85,1075,1,1,1,1,0
13500,2001,56001,110,85,1075,1,1,1,1,0
11950,2001,55968,110,69,1050,1,1,0,0,0
12900,2001,55678,110,69,1030,1,1,1,1,1
13500,2001,55539,110,85,1085,1,1,0,0,0
11750,2001,55400,110,85,1075,1,0,0,0,0
11750,2001,55350,110,85,1075,1,1,1,0,0
10850,2001,54600,110,69,1030,1,1,0,0,0
11750,2001,53773,110,85,1075,1,0,0,0,0
14950,2001,53719,110,85,1105,1,0,1,1,0
9940,2001,53644,110,19,1075,0,0,0,0,0
12900,2001,53350,110,85,1075,1,0,0,0,0
13500,2001,53000,110,85,1075,0,1,1,1,0
11750,2001,52084,97,69,1025,1,1,0,0,1
11950,2001,52000,97,69,1025,0,0,0,0,0
13450,2001,51945,110,85,1075,0,1,1,1,0
11950,2001,51732,97,69,1025,0,0,0,0,0
12495,2001,50873,110,85,1075,1,0,0,0,0
13500,2001,50856,110,69,1030,0,1,1,1,0
12750,2001,50640,110,85,1075,0,0,0,0,0
12000,2001,50000,97,85,1060,0,1,1,1,0
11950,2001,49500,110,85,1075,1,1,1,1,0
12495,2001,49332,110,85,1080,1,1,1,1,0
12450,2001,49291,110,69,1040,1,1,0,0,0
14750,2001,48952,90,210,1205,0,1,1,1,0
10950,2001,48945,110,69,1040,0,1,0,1,0
13500,2001,48928,69,185,1105,1,1,0,0,0
12950,2001,48197,110,85,1075,1,0,0,0,0
13500,2001,48052,69,185,1105,1,1,0,0,0
13450,2001,48011,110,69,1030,1,1,0,1,0
13500,2001,48000,110,85,1075,0,0,0,0,0
11480,2001,47350,110,85,1075,1,0,0,0,0
13450,2001,46821,97,85,1060,1,1,1,1,0
11495,2001,46694,110,69,1040,1,0,0,0,1
12750,2001,46515,97,69,1025,0,1,0,0,0
14990,2001,46327,110,85,1055,1,1,1,1,1
12950,2001,46304,97,85,1060,1,1,1,1,0
12950,2001,45886,110,85,1080,1,1,1,1,0
12850,2001,45713,97,19,1085,0,1,1,1,0
13950,2001,45600,110,85,1105,0,1,1,1,0
11950,2001,45287,110,85,1075,0,0,0,0,0
12950,2001,45081,110,85,1075,1,1,1,1,0
11700,2001,44830,110,85,1075,0,1,0,0,0
9950,2001,44757,97,69,1025,0,1,0,0,0
11895,2001,44218,97,85,1060,1,0,0,0,1
12950,2001,43632,110,85,1075,0,0,1,0,0
12500,2001,43427,110,69,1040,1,0,1,1,1
13875,2001,43254,110,85,1075,1,1,1,1,0
10500,2001,43000,110,69,1050,0,0,1,0,1
12295,2001,42823,110,85,1075,1,1,1,1,0
13950,2001,42560,110,85,1080,1,1,1,1,0
10950,2001,41754,110,69,1040,0,0,0,0,0
12950,2001,41499,110,197,1103,1,0,0,0,0
12850,2001,41339,110,85,1080,1,1,1,1,0
13995,2001,41000,110,85,1075,1,1,1,1,0
13750,2001,40000,110,85,1055,0,1,1,1,1
12750,2001,39757,110,85,1075,1,1,1,1,0
12500,2001,39659,110,69,1045,1,1,1,1,0
13950,2001,39650,110,85,1055,0,0,1,1,1
11500,2001,39524,97,69,1025,1,1,1,0,0
13950,2001,39516,97,85,1060,1,0,1,0,0
11895,2001,39439,97,85,1060,1,0,0,0,0
9950,2001,39000,97,69,1025,0,0,1,0,1
13500,2001,38932,110,69,1040,0,0,1,1,0
11450,2001,38812,97,69,1025,1,1,1,1,0
12450,2001,38665,110,85,1075,1,1,1,1,1
12950,2001,38653,110,85,1080,1,1,1,1,0
13995,2001,38461,110,85,1080,1,1,1,1,0
11750,2001,38078,97,69,1025,0,0,0,0,0
11650,2001,37782,97,85,1060,0,1,1,1,0
9950,2001,37576,97,69,1030,0,1,1,1,0
13950,2001,37533,110,85,1075,0,1,1,1,0
12950,2001,37389,110,85,1080,1,1,1,1,0
10950,2001,37320,97,69,1025,0,1,0,0,0
9900,2001,37000,97,69,1025,1,0,0,0,0
11950,2001,37000,110,19,1075,0,0,0,0,0
11990,2001,36566,110,85,1090,1,1,1,1,1
10750,2001,36269,110,85,1075,0,1,1,1,0
13950,2001,36074,110,19,1075,0,1,1,1,0
11250,2001,36066,110,69,1040,1,0,0,0,0
12950,2001,34599,110,85,1075,0,1,1,1,0
11950,2001,34000,110,85,1075,0,1,1,0,0
10950,2001,33623,97,69,1025,0,0,0,0,0
12950,2001,33591,110,85,1075,0,1,1,1,0
12950,2001,33258,110,85,1075,1,1,1,1,0
11695,2001,33113,110,85,1075,1,0,0,0,0
11000,2001,33000,110,19,1075,0,1,1,1,0
13950,2001,32941,110,85,1080,1,1,1,1,0
11950,2001,32781,110,85,1075,1,1,0,0,0
11750,2001,32532,110,69,1040,1,0,0,0,0
12400,2001,32431,97,85,1060,1,1,1,1,0
12500,2001,32000,110,69,1040,0,0,0,0,0
12900,2001,31000,110,19,1075,0,1,1,1,1
12200,2001,30989,110,69,1045,0,1,1,1,0
12750,2001,30742,110,69,1040,1,1,1,1,0
11950,2001,30190,110,85,1075,1,0,0,0,0
11900,2001,29716,116,85,1075,0,0,0,0,0
11950,2001,29716,110,85,1070,1,1,0,0,0
14950,2001,29640,110,85,1055,1,1,1,1,1
11950,2001,29056,97,85,1060,1,1,1,1,0
12950,2001,28715,110,85,1075,1,1,1,1,0
14950,2001,28571,110,85,1090,1,1,1,1,1
13450,2001,28362,110,69,1040,0,1,1,1,1
13750,2001,28150,110,85,1075,0,1,1,1,0
12950,2001,27301,110,69,1040,1,0,0,0,0
12750,2001,27240,110,85,1075,0,1,1,1,0
11895,2001,27170,97,85,1060,1,0,0,0,1
9950,2001,27141,97,85,1060,1,0,0,0,0
12450,2001,26262,110,85,1075,0,1,1,1,0
12500,2001,26000,97,85,1060,1,1,1,1,0
14950,2001,25228,110,69,1045,1,1,1,1,0
13750,2001,25062,110,85,1080,1,1,1,1,0
12695,2001,24723,110,85,1060,1,0,0,0,0
14990,2001,24650,110,85,1055,1,1,1,1,1
12750,2001,24553,110,85,1080,1,1,1,1,0
14350,2001,24475,110,69,1030,0,1,1,0,0
12950,2001,24444,110,69,1040,1,0,0,0,0
11500,2001,24011,97,69,1025,1,0,0,0,0
11950,2001,24000,97,69,1025,0,0,0,0,0
13450,2001,23616,110,85,1075,0,1,1,1,0
12900,2001,22865,110,85,1075,1,1,1,1,0
10500,2001,22780,86,69,1035,1,0,1,0,1
10950,2001,21904,97,69,1025,0,0,0,0,0
11950,2001,21651,97,69,1025,1,0,0,0,0
11450,2001,21500,110,69,1030,1,0,1,0,0
13250,2001,21027,110,85,1080,1,1,1,1,0
10250,2001,18500,110,69,1030,0,1,0,0,0
13995,2001,18000,110,85,1075,1,1,1,1,0
11950,2001,17051,97,85,1060,1,0,0,0,0
13250,2001,16512,97,19,1085,0,1,1,1,0
12950,2001,16325,110,85,1080,0,1,1,1,0
11750,2001,16000,97,85,1060,0,1,1,1,0
11500,2001,12000,110,85,1075,0,0,0,0,0
13500,2001,10000,97,85,1060,0,0,0,0,0
6500,2000,216000,69,185,1110,0,1,1,1,0
6400,2000,198167,69,185,1095,0,1,1,1,0
7000,2000,176000,69,185,1105,0,1,0,0,0
7750,2000,174139,72,185,1100,0,0,0,0,0
8900,2000,174000,69,185,1095,0,1,1,0,0
8500,2000,150000,110,72,1075,0,1,0,1,1
8950,2000,149329,72,185,1135,0,0,0,0,0
9900,2000,146736,110,85,1080,0,1,1,1,0
10250,2000,143513,69,185,1140,0,0,0,0,0
9250,2000,142130,110,197,1119,0,1,0,0,0
7750,2000,140700,69,64,1110,0,1,1,1,0
9450,2000,138394,69,185,1095,0,1,0,0,1
7750,2000,137000,72,185,1135,0,1,1,0,0
8250,2000,135258,69,185,1140,0,0,0,0,0
9950,2000,131364,110,85,1075,0,0,1,1,0
4450,2000,129155,69,64,1110,0,0,1,0,0
9950,2000,126110,110,85,1055,0,0,1,1,1
9000,2000,119742,110,85,1080,0,1,1,1,1
9950,2000,117913,69,64,1110,0,1,1,1,1
12450,2000,117430,90,210,1165,0,0,0,0,1
10500,2000,117175,110,69,1035,1,1,1,0,0
10750,2000,115558,110,69,1035,1,1,1,1,0
8950,2000,115113,97,69,1025,1,0,0,0,0
10500,2000,115046,69,185,1140,0,1,1,0,0
5150,2000,113997,72,64,1135,0,0,1,0,0
10950,2000,107859,97,85,1060,1,0,0,0,0
9450,2000,104805,97,69,1025,1,1,0,0,0
9950,2000,103454,110,85,1075,1,1,1,1,1
10950,2000,103018,69,185,1140,0,0,0,0,0
11900,2000,102352,110,85,1080,1,1,1,1,0
9950,2000,102030,97,85,1060,1,1,1,1,0
11950,2000,101352,110,85,1080,1,1,1,1,0
7900,2000,99865,110,69,1035,0,0,0,0,0
10950,2000,99323,110,85,1055,1,1,1,1,1
8950,2000,98100,69,185,1140,0,1,0,0,0
11950,2000,98040,110,85,1080,1,0,0,0,0
10900,2000,97600,110,69,1045,0,1,1,1,0
9950,2000,97234,110,85,1080,0,1,1,1,0
9950,2000,96135,72,185,1115,0,0,0,0,0
10950,2000,96100,110,85,1080,1,1,1,1,0
8950,2000,94401,72,185,1115,0,0,0,0,0
8950,2000,94122,86,69,1015,0,0,1,1,0
10500,2000,91340,110,85,1055,1,1,1,1,1
8950,2000,90200,97,69,1025,0,0,0,0,1
9250,2000,90097,69,185,1140,1,0,0,0,0
11500,2000,89049,97,85,1060,0,1,0,0,0
9750,2000,89000,110,85,1075,0,0,0,0,0
9950,2000,87274,110,69,1040,1,0,1,1,0
11450,2000,86221,110,69,1045,1,1,1,1,0
12500,2000,84598,110,19,1075,0,1,1,1,0
10500,2000,83567,110,85,1075,0,0,0,0,0
12950,2000,83106,110,85,1075,1,1,0,0,0
12200,2000,82805,110,69,1040,1,1,0,0,0
10950,2000,82735,97,69,1030,1,1,1,1,1
10950,2000,81905,110,19,1105,0,1,1,1,0
11290,2000,80320,110,85,1070,1,0,0,0,0
10750,2000,80090,97,69,1030,0,1,1,1,0
10895,2000,79800,110,85,1075,1,0,0,0,0
11500,2000,78785,110,197,1119,1,0,0,0,0
9750,2000,78600,110,85,1075,0,0,1,1,0
10250,2000,77780,110,69,1040,0,0,0,0,0
12500,2000,77648,110,69,1030,1,0,1,0,0
11950,2000,77270,110,69,1035,1,1,1,1,0
10750,2000,76167,97,85,1060,1,1,0,0,0
11450,2000,75249,110,69,1035,1,1,0,1,0
11950,2000,75231,110,85,1080,1,1,1,1,0
11750,2000,75045,110,85,1055,0,1,1,1,1
10950,2000,74849,110,85,1060,1,0,0,1,0
11950,2000,74715,110,85,1080,1,1,1,1,0
10995,2000,74656,69,185,1105,1,0,0,0,0
11450,2000,74500,97,69,1025,0,0,0,0,0
8900,2000,74494,110,85,1075,1,0,0,0,0
10500,2000,73634,110,85,1075,0,0,1,1,0
11750,2000,73403,110,85,1075,1,0,1,1,0
11450,2000,73175,97,69,1030,1,1,1,1,0
12000,2000,73000,110,85,1055,0,1,1,1,1
11950,2000,72242,110,85,1070,1,0,1,1,0
9850,2000,72000,97,69,1025,0,1,1,1,0
10950,2000,71725,110,69,1035,0,1,0,0,0
10950,2000,71276,110,85,1080,0,1,1,1,0
8695,2000,70440,69,185,1105,0,0,1,1,0
10990,2000,70239,110,69,1040,0,1,0,0,0
9500,2000,69813,97,69,1025,0,0,0,0,0
11950,2000,69659,86,69,1025,0,1,1,1,0
10750,2000,69574,97,85,1065,1,1,1,1,0
8750,2000,69000,69,185,1140,0,1,0,0,0
8750,2000,68565,110,69,1030,0,0,0,1,0
11450,2000,68520,72,185,1115,1,0,0,0,1
9950,2000,68414,97,69,1025,1,0,1,1,0
11950,2000,66777,110,85,1090,1,1,1,1,0
13950,2000,66527,110,85,1080,1,1,1,1,0
11250,2000,66063,110,85,1090,0,1,1,1,1
10900,2000,65471,97,85,1060,0,1,0,0,0
9750,2000,65400,97,69,1025,1,0,0,0,0
9950,2000,65170,97,69,1025,1,1,0,0,0
11950,2000,65000,110,19,1075,0,1,0,0,0
10450,2000,64193,110,69,1040,0,0,0,0,0
8950,2000,64000,97,69,1025,0,0,0,0,0
10250,2000,63792,110,85,1075,0,1,1,1,0
9930,2000,63635,110,69,1035,0,1,0,1,0
10500,2000,63135,110,69,1050,1,1,1,1,0
11950,2000,63123,110,69,1035,1,1,1,1,0
11500,2000,63000,69,185,1140,0,1,1,1,0
11500,2000,63000,110,69,1035,0,1,1,1,0
11450,2000,62987,110,85,1080,0,1,1,1,0
9900,2000,62751,110,69,1050,0,1,0,0,0
9500,2000,62519,97,69,1025,0,0,0,0,0
10500,2000,62280,97,85,1060,0,1,0,0,0
10750,2000,61672,110,85,1075,0,0,0,0,0
8950,2000,61000,69,185,1140,0,0,0,0,0
12000,2000,61000,110,69,1050,1,0,1,1,0
9940,2000,60558,110,19,1105,0,1,1,1,0
10950,2000,60348,110,69,1030,1,0,1,1,0
10750,2000,60239,110,85,1075,0,0,0,0,0
9799,2000,59000,97,69,1025,0,1,1,1,0
11750,2000,58761,97,85,1060,0,0,1,1,0
11950,2000,58745,110,69,1035,1,1,1,1,0
11250,2000,58596,110,69,1045,0,1,1,1,0
11750,2000,58530,110,85,1075,0,1,1,1,1
10950,2000,58377,110,69,1050,1,1,1,1,1
11250,2000,58142,110,85,1080,1,1,1,1,0
9950,2000,57948,97,69,1025,0,0,0,0,0
9700,2000,57645,110,85,1080,0,1,1,1,0
11950,2000,57500,110,19,1105,0,1,1,1,0
9900,2000,57475,110,69,1040,0,1,0,0,0
9990,2000,56743,110,69,1045,0,1,1,1,0
9475,2000,56675,97,69,1025,0,0,1,1,0
11500,2000,55877,110,85,1075,1,0,0,0,0
11950,2000,55500,110,69,1035,1,1,1,1,0
11500,2000,54900,97,85,1060,1,0,0,0,0
10500,2000,54465,110,85,1075,0,0,0,0,0
10900,2000,53700,97,85,1060,1,0,1,1,0
11700,2000,53561,97,85,1060,1,0,1,1,0
11900,2000,53408,110,85,1080,0,1,1,1,0
13950,2000,53268,110,85,1080,1,1,0,1,0
10950,2000,53116,97,69,1025,0,0,0,0,0
10500,2000,52448,97,69,1025,1,0,0,0,0
10750,2000,52149,97,19,1085,0,0,0,0,1
11950,2000,52141,110,85,1070,1,1,0,0,0
10000,2000,52000,97,69,1025,0,0,0,0,0
10495,2000,50967,97,85,1060,1,0,0,0,0
11450,2000,50400,110,85,1080,1,1,1,1,0
9400,2000,50000,97,69,1025,0,0,0,0,0
11950,2000,50000,86,69,1045,1,1,1,1,0
9650,2000,49969,110,85,1075,0,1,1,1,0
18950,2000,49568,110,19,1105,0,1,0,0,0
11450,2000,49473,110,85,1055,1,1,1,1,1
10250,2000,49432,110,69,1050,1,1,1,1,0
11450,2000,49417,110,69,1045,1,1,1,1,0
9950,2000,49366,97,69,1025,0,0,0,0,0
10500,2000,48731,110,85,1055,1,0,1,1,1
13750,2000,48370,110,85,1080,0,1,1,1,0
9950,2000,48071,97,69,1025,1,0,0,0,0
10250,2000,47852,110,69,1030,0,0,0,0,0
10850,2000,47768,110,85,1055,1,1,1,1,1
11895,2000,47689,110,85,1075,1,0,0,0,0
12950,2000,47451,110,85,1055,0,1,1,1,1
11950,2000,47219,110,85,1080,1,1,1,1,0
10750,2000,47211,110,85,1070,1,0,0,0,0
9550,2000,46856,97,85,1060,0,0,0,0,0
10950,2000,46500,86,69,1035,1,0,0,0,0
11750,2000,46449,110,69,1035,1,1,1,1,0
10950,2000,46391,110,85,1075,0,0,0,0,0
12450,2000,46230,110,85,1055,1,1,1,1,1
10500,2000,46029,110,69,1030,1,1,0,0,0
10900,2000,46000,97,69,1025,1,0,0,0,0
12950,2000,45900,110,85,1075,1,0,1,1,0
10950,2000,45850,97,85,1060,1,0,0,0,0
12500,2000,45336,110,85,1080,1,1,1,1,1
9950,2000,44537,97,69,1025,0,0,0,0,0
10750,2000,43700,86,69,1025,1,1,1,1,1
12500,2000,43120,97,69,1030,1,1,1,1,0
10450,2000,41710,110,69,1040,1,0,1,1,1
10750,2000,41700,97,69,1025,1,0,1,1,0
12950,2000,41636,110,19,1105,0,1,1,1,0
10995,2000,41273,97,85,1060,1,0,1,1,0
11950,2000,40836,110,85,1075,1,1,1,1,0
11250,2000,40400,97,85,1060,1,0,1,1,0
11950,2000,40361,110,85,1090,0,1,1,1,1
13750,2000,40325,86,69,1045,0,1,1,1,0
11000,2000,40000,110,85,1080,0,1,1,1,0
13500,2000,39706,110,85,1080,0,1,1,1,0
10950,2000,39291,110,69,1040,0,1,1,1,0
10750,2000,39000,97,69,1025,0,0,0,0,0
8950,2000,38900,97,69,1025,0,0,0,0,0
12950,2000,38403,110,85,1055,0,0,1,1,1
9750,2000,37461,97,69,1025,0,0,0,0,0
10900,2000,37000,97,69,1025,1,0,0,0,0
10995,2000,36406,110,69,1035,1,1,1,1,0
10750,2000,36005,97,85,1065,1,1,1,1,0
10950,2000,36000,110,85,1075,0,0,1,1,0
13000,2000,36000,110,85,1080,1,1,1,1,0
12950,2000,36000,110,85,1070,1,0,0,0,0
11500,2000,35823,110,85,1075,1,0,0,0,0
10950,2000,35230,97,69,1025,1,0,0,0,0
11710,2000,35142,110,85,1055,0,1,1,1,0
9980,2000,34890,97,69,1025,1,0,0,0,0
12250,2000,34882,110,85,1075,1,0,0,0,0
11500,2000,34000,110,85,1075,1,1,0,1,0
11950,2000,33998,110,85,1080,1,1,1,0,0
11500,2000,33230,110,69,1050,0,1,1,1,0
11900,2000,33021,110,85,1080,1,1,1,1,0
11930,2000,31999,97,69,1030,0,1,1,1,0
10500,2000,31579,97,69,1025,0,1,1,0,0
8950,2000,31000,97,69,1025,0,0,0,0,0
10450,2000,30806,97,85,1060,1,0,0,0,0
10500,2000,30461,86,69,1050,1,0,0,0,0
12950,2000,29686,110,85,1075,1,1,1,1,1
9950,2000,29650,86,69,1025,0,1,1,1,0
12900,2000,29500,110,85,1055,1,1,1,1,1
9950,2000,28656,97,19,1085,0,1,0,0,0
9950,2000,27500,97,69,1025,1,0,0,0,0
10950,2000,26938,110,69,1040,0,0,1,1,0
10950,2000,26624,97,85,1060,0,0,0,0,0
9950,2000,26221,97,69,1025,0,0,0,1,0
10950,2000,22648,97,85,1060,0,0,1,1,0
10800,2000,22500,97,69,1025,0,1,0,0,0
10500,2000,19313,97,69,1025,0,0,0,0,0
10450,2000,17619,110,69,1030,0,0,0,0,0
10600,2000,17069,97,69,1025,0,0,0,0,0
10450,2000,15000,97,69,1025,1,0,0,0,0
12950,2000,10210,97,85,1065,0,1,1,1,0
11250,2000,5309,110,85,1070,0,1,0,0,0
7500,2000,1,90,64,1260,0,1,1,1,1
8950,2000,31000,97,69,1025,0,0,0,0,1
6950,1999,205000,72,185,1100,0,0,0,0,0
7900,1999,204250,72,185,1115,0,0,1,1,0
5950,1999,194545,86,69,1000,0,0,0,0,0
7500,1999,190900,72,185,1115,0,1,0,0,0
7500,1999,183500,72,185,1140,0,1,1,1,1
6900,1999,176184,72,185,1115,0,1,0,0,0
5751,1999,174833,72,185,1100,0,1,1,0,1
6950,1999,155720,86,69,1015,0,0,1,1,1
7950,1999,155500,110,69,1050,0,0,1,1,1
7750,1999,154783,72,185,1120,0,1,1,1,0
7950,1999,154462,72,185,1135,0,1,0,0,0
8250,1999,150585,110,85,1065,0,1,1,1,1
6250,1999,149000,90,64,1135,0,0,1,1,0
9500,1999,147636,72,185,1135,0,1,0,0,0
6900,1999,144521,72,64,1135,0,0,0,0,0
8450,1999,144000,110,72,1065,0,1,1,1,1
7350,1999,140168,72,185,1115,0,0,0,0,0
8950,1999,140000,110,85,1085,0,1,1,0,0
6900,1999,139800,72,185,1115,0,0,0,0,0
8950,1999,137050,110,197,1078,0,0,1,0,0
8750,1999,136956,110,85,1065,0,1,1,1,1
7950,1999,135337,110,197,1120,0,1,1,1,1
8950,1999,133769,72,185,1120,0,1,1,1,0
8950,1999,133405,72,185,1135,0,0,1,1,0
8950,1999,132807,72,185,1135,1,1,0,0,0
7950,1999,132393,72,185,1135,0,0,0,0,0
7750,1999,130270,110,69,1050,0,1,1,1,0
7500,1999,130000,72,185,1135,0,0,0,0,0
8950,1999,127000,72,185,1135,1,0,0,0,0
9800,1999,126800,72,185,1135,0,1,0,0,0
9450,1999,126452,110,85,1085,1,0,0,0,0
8950,1999,125175,116,185,1150,0,0,1,0,0
8750,1999,125000,72,185,1115,0,0,0,0,0
10500,1999,123000,72,185,1135,1,0,0,0,0
7995,1999,121626,86,69,1050,0,0,0,0,0
10450,1999,120400,110,85,1090,0,1,1,1,0
9950,1999,120000,72,185,1100,0,0,0,0,0
9950,1999,119541,110,85,1055,0,1,1,1,0
8950,1999,119500,110,85,1070,1,0,1,1,0
7950,1999,119289,110,69,1035,1,0,1,1,0
10950,1999,118833,110,85,1065,1,1,1,1,1
9950,1999,118000,72,185,1150,0,1,0,0,0
8600,1999,117955,110,85,1065,1,1,1,0,0
7250,1999,117609,86,69,1015,0,0,0,0,0
6950,1999,117000,72,185,1115,0,0,0,0,0
8000,1999,116000,86,69,1045,0,0,1,1,0
9950,1999,115715,110,85,1070,0,0,0,0,0
9450,1999,115191,110,197,1079,1,0,0,0,0
7950,1999,115071,110,85,1055,0,1,1,1,0
9450,1999,115000,110,197,1109,0,1,1,1,1
9950,1999,114846,110,85,1075,1,1,1,1,1
6950,1999,114383,90,64,1260,0,0,0,0,0
8250,1999,113700,110,19,1065,1,0,0,0,0
9950,1999,113118,86,69,1020,1,1,1,1,0
8250,1999,112827,86,69,1040,0,1,1,1,1
9950,1999,112116,110,85,1070,1,0,1,1,0
10500,1999,112000,110,85,1065,1,1,1,1,1
7950,1999,112000,72,64,1135,0,0,0,0,0
9750,1999,111769,110,85,1065,1,1,1,1,1
9250,1999,110853,110,85,1070,0,0,0,0,0
9500,1999,110287,110,69,1050,0,0,0,0,0
9950,1999,109547,110,85,1075,1,1,1,1,1
7750,1999,109230,110,69,1050,1,0,0,0,0
9500,1999,109150,110,85,1075,0,1,1,1,0
9950,1999,108793,110,69,1035,1,0,1,1,0
9750,1999,106784,110,19,1050,0,1,1,1,1
9750,1999,105942,86,69,1040,1,1,1,1,1
5950,1999,105000,86,19,1015,0,0,1,1,1
8500,1999,105000,86,69,1040,0,1,1,1,0
8495,1999,104299,110,85,1085,0,0,0,0,0
9250,1999,104000,86,69,1020,1,1,1,1,0
6900,1999,104000,86,19,1015,0,0,0,0,0
8950,1999,103458,86,69,1025,1,1,1,1,0
9500,1999,103400,110,85,1075,0,1,1,1,1
9250,1999,102807,86,85,1055,0,1,1,1,0
9895,1999,102494,110,85,1090,1,1,1,1,0
9950,1999,102300,72,185,1135,1,0,0,0,1
7950,1999,102106,110,69,1050,0,1,1,1,0
8750,1999,101889,110,85,1075,1,1,1,1,0
8250,1999,101791,72,185,1115,0,0,0,0,0
8950,1999,101469,110,85,1065,0,1,1,1,1
8950,1999,101001,110,85,1075,1,1,1,1,1
8950,1999,100748,110,85,1070,0,0,1,1,0
8950,1999,100550,110,85,1075,0,1,1,1,1
9450,1999,99781,110,85,1085,0,0,0,0,0
8950,1999,98658,86,69,1020,0,1,1,1,0
9250,1999,98500,110,85,1075,0,1,1,1,1
8750,1999,98291,86,69,1000,0,0,1,1,0
9950,1999,97648,110,85,1065,1,1,1,1,1
9950,1999,97425,110,85,1075,0,1,1,1,1
9900,1999,97173,86,69,1015,1,0,0,0,0
8950,1999,97046,86,69,1000,0,0,1,1,0
8950,1999,96000,110,69,1050,0,0,1,0,0
12250,1999,96000,72,185,1100,0,0,0,0,0
9250,1999,95750,110,85,1070,0,1,0,0,0
10250,1999,95147,110,85,1050,0,1,1,1,0
8950,1999,95000,110,69,1050,1,0,0,0,0
7999,1999,95000,110,69,1050,0,0,0,0,0
9900,1999,94606,110,85,1065,0,1,1,1,0
8250,1999,94504,86,69,1000,1,0,0,0,0
10500,1999,93428,110,85,1075,0,1,1,1,1
8450,1999,93408,86,69,1015,0,0,0,0,0
9900,1999,93296,110,85,1090,1,1,1,1,0
10500,1999,93098,110,85,1075,1,1,1,1,1
8500,1999,92922,72,185,1100,0,1,0,0,0
9500,1999,92498,110,69,1050,1,1,0,1,0
9450,1999,92226,110,85,1065,0,1,1,1,1
9900,1999,91505,72,185,1115,0,0,0,0,0
8250,1999,91333,110,69,1050,0,1,0,0,0
8750,1999,91246,86,69,1015,0,0,0,0,0
9500,1999,91000,110,85,1075,1,1,1,1,1
8450,1999,90727,110,69,1050,1,0,1,1,0
8490,1999,90000,110,69,1050,0,0,0,0,0
8750,1999,89576,110,69,1035,0,1,0,0,0
9750,1999,89145,86,69,1025,0,1,1,1,1
9950,1999,89000,110,85,1085,0,1,0,0,0
8500,1999,88807,110,69,1050,0,0,1,1,1
8450,1999,88685,110,85,1070,1,0,0,0,0
7900,1999,88667,110,69,1040,1,1,1,1,0
8750,1999,88480,110,69,1050,1,1,0,0,0
7950,1999,88127,86,69,1015,1,0,0,0,0
6900,1999,88000,86,69,1020,0,1,1,1,0
8150,1999,87821,86,69,1015,1,0,0,0,1
10995,1999,87654,86,85,1065,1,0,0,0,0
8900,1999,86888,110,69,1050,0,1,0,0,0
9500,1999,86871,86,69,1040,0,1,1,1,1
8950,1999,86714,110,69,1035,1,1,0,0,0
11500,1999,85889,110,85,1065,0,1,1,1,1
10450,1999,85000,110,69,1050,0,1,0,0,0
10500,1999,85000,86,69,1025,1,1,1,1,1
9250,1999,84976,110,69,1035,1,0,1,1,0
10950,1999,84558,110,19,1120,0,1,1,1,0
10450,1999,84549,110,85,1075,0,1,1,1,1
9250,1999,84482,110,85,1075,0,1,1,1,1
8750,1999,83908,110,85,1070,0,0,0,0,0
8750,1999,83560,86,69,1015,1,0,0,1,1
9800,1999,83000,107,85,1100,1,0,0,0,0
8250,1999,82723,86,69,1015,1,0,0,0,0
10450,1999,82421,110,85,1065,0,1,1,1,1
9750,1999,82254,110,69,1050,0,0,1,1,0
8950,1999,82115,110,85,1055,0,1,1,1,0
7450,1999,82000,86,69,1015,0,0,0,0,0
8450,1999,81965,86,69,1035,1,0,0,0,0
8250,1999,81250,110,19,1050,0,1,1,1,0
10950,1999,81192,110,85,1065,1,1,1,1,1
8950,1999,81170,110,69,1040,1,1,1,1,0
8750,1999,81083,86,69,1015,1,0,0,0,0
10450,1999,80714,110,85,1075,1,0,1,0,0
10950,1999,80470,110,85,1085,1,0,1,0,0
8450,1999,80439,110,69,1035,0,1,1,1,0
9950,1999,80430,110,85,1065,0,1,1,1,1
9950,1999,80426,110,85,1055,1,0,1,1,0
8750,1999,80265,86,69,1015,1,0,0,0,0
9950,1999,80153,110,85,1070,1,1,0,0,0
9500,1999,80121,110,85,1070,1,1,1,1,0
8250,1999,80086,110,69,1035,0,0,0,0,0
10950,1999,80000,110,85,1075,0,1,1,1,1
7950,1999,80000,86,19,1015,0,0,0,0,0
8250,1999,80000,86,19,1015,0,0,0,0,0
9895,1999,79858,110,69,1040,1,1,1,1,0
9130,1999,79762,86,69,1015,0,0,1,1,0
10950,1999,79660,86,85,1065,1,0,0,0,0
10500,1999,79150,110,85,1075,1,1,1,1,1
8900,1999,79000,110,69,1050,1,1,1,1,0
9500,1999,78955,86,69,1045,1,1,1,1,1
10950,1999,78750,90,210,1155,0,1,0,1,0
7950,1999,78521,86,69,1015,0,0,0,0,0
7950,1999,78356,86,69,1015,1,0,0,0,0
7950,1999,78076,86,69,1015,1,0,0,0,0
9500,1999,78063,107,85,1100,1,0,0,0,0
10950,1999,77821,110,85,1075,1,1,1,1,1
9750,1999,77695,110,69,1035,1,0,0,0,0
9750,1999,77500,110,69,1050,1,0,0,0,0
9450,1999,77457,110,85,1055,1,1,1,1,0
8950,1999,77029,86,69,1015,0,0,0,1,0
8950,1999,77008,86,69,1015,1,0,0,0,0
8900,1999,76791,110,85,1070,0,0,1,1,0
9950,1999,76700,86,69,1035,0,0,0,0,0
8750,1999,76569,86,69,1020,0,1,1,1,0
8950,1999,76162,110,85,1075,0,1,1,1,1
8990,1999,76155,110,69,1035,0,0,1,0,0
8950,1999,75609,86,69,1015,1,0,0,0,0
8950,1999,75569,72,185,1120,0,1,1,1,0
9950,1999,75429,110,85,1065,1,1,1,1,1
9900,1999,75000,110,85,1075,0,1,1,1,1
8950,1999,75000,86,19,1015,0,0,1,1,1
8950,1999,75000,110,85,1070,0,0,0,0,0
9500,1999,74963,107,85,1085,0,1,1,1,0
7950,1999,74889,86,69,1015,1,0,0,0,1
7750,1999,74875,110,85,1070,0,1,0,0,0
8950,1999,74747,110,85,1075,0,1,1,1,0
11950,1999,74720,110,85,1085,1,1,0,1,0
8950,1999,74457,110,85,1075,0,1,1,1,1
11950,1999,74337,86,69,1035,0,0,0,0,0
8950,1999,74308,110,69,1050,1,1,0,0,0
9950,1999,74193,110,69,1050,1,0,0,0,0
8250,1999,74179,110,69,1050,0,0,0,0,0
8995,1999,73936,86,69,1050,0,0,1,1,0
9995,1999,73894,110,85,1065,1,1,1,1,1
9250,1999,73500,110,69,1050,0,0,0,0,0
10950,1999,73376,110,85,1070,1,1,1,1,0
8900,1999,73300,86,69,1015,0,0,0,1,1
9500,1999,73172,110,85,1075,0,1,1,1,1
9950,1999,72928,110,85,1075,1,1,1,1,1
7950,1999,72880,86,69,1015,0,0,1,1,0
8250,1999,72522,110,69,1050,0,0,1,1,0
9450,1999,72000,86,69,1015,0,0,0,0,0
7950,1999,72000,86,69,1015,1,0,1,1,0
9500,1999,71366,110,85,1065,0,1,1,1,1
8950,1999,71317,110,69,1050,0,0,0,0,0
10950,1999,71000,110,85,1070,0,0,1,1,0
8950,1999,70954,110,69,1050,0,0,0,0,0
9450,1999,70908,86,69,1035,1,0,0,1,0
8000,1999,70560,110,69,1050,0,0,1,1,0
9900,1999,70552,110,85,1075,0,1,1,1,1
8950,1999,70500,110,69,1035,1,0,1,1,0
10900,1999,70453,72,185,1135,0,0,0,0,0
9450,1999,70218,110,69,1050,1,0,1,1,0
8450,1999,70116,110,69,1035,1,0,0,0,0
9500,1999,70068,110,85,1075,1,1,1,1,1
10500,1999,70000,107,19,1065,0,1,1,1,0
6950,1999,70000,86,69,1015,0,0,1,1,0
9750,1999,69103,110,69,1035,1,0,0,0,0
6950,1999,69022,86,69,1035,1,0,1,0,0
9650,1999,69000,110,85,1065,0,0,1,1,1
9950,1999,68865,110,85,1065,0,1,1,1,1
9250,1999,68723,86,69,1025,0,1,1,1,1
8950,1999,68453,110,85,1070,1,0,0,0,0
9900,1999,68238,86,69,1050,1,0,0,0,0
10995,1999,68153,110,85,1085,1,0,0,1,0
10500,1999,68000,110,85,1075,0,1,1,1,0
8950,1999,68000,86,69,1015,1,0,0,0,0
9750,1999,67762,110,85,1065,0,0,1,1,1
10950,1999,67146,110,85,1075,0,1,1,1,1
9750,1999,67110,86,69,1035,0,0,0,0,0
9950,1999,67010,110,85,1065,1,1,1,1,1
10500,1999,67003,110,69,1035,1,1,0,0,0
10400,1999,66785,86,69,1045,0,0,0,0,0
8800,1999,66550,86,69,1010,0,0,0,0,0
10500,1999,66259,110,85,1065,0,1,1,1,1
9250,1999,66082,110,85,1070,0,0,0,0,0
7800,1999,66000,86,69,1015,1,0,1,1,1
9950,1999,66000,110,69,1050,0,1,0,0,1
10750,1999,65896,110,85,1065,1,1,1,1,1
10950,1999,65785,110,85,1075,0,1,1,1,0
9950,1999,65513,110,85,1070,0,1,1,1,0
9950,1999,65463,110,85,1070,0,1,1,1,0
8100,1999,65400,86,69,1000,0,0,1,1,0
9250,1999,65259,110,69,1050,1,0,0,0,0
7800,1999,65000,110,69,1050,1,0,0,0,0
9000,1999,65000,110,85,1070,0,1,1,1,0
8950,1999,65000,110,69,1035,0,0,0,0,0
8950,1999,64966,86,69,1020,0,1,0,0,0
9950,1999,64950,110,85,1075,0,1,1,1,0
8500,1999,64914,110,85,1070,0,0,0,0,0
7995,1999,64797,110,85,1075,0,1,1,1,1
8750,1999,64772,110,69,1050,0,0,0,0,0
9750,1999,64690,86,69,1020,1,1,1,1,0
10950,1999,64630,110,85,1070,0,1,0,0,0
9750,1999,64613,110,85,1085,1,1,0,0,1
8200,1999,64383,86,69,1015,1,0,0,0,0
8950,1999,64000,110,85,1075,0,1,1,1,0
9500,1999,63881,86,69,1015,0,0,0,0,0
10950,1999,63870,72,185,1135,0,0,0,0,0
9750,1999,63328,86,85,1065,0,0,0,0,0
9950,1999,63000,86,85,1065,1,0,1,1,1
10450,1999,63000,86,69,1050,0,1,1,1,0
9850,1999,62396,110,69,1050,0,0,0,0,1
9450,1999,62377,110,85,1075,0,1,1,1,1
10295,1999,62316,110,69,1050,1,0,1,1,1
9750,1999,62292,110,85,1065,0,0,1,1,1
8950,1999,62225,110,69,1050,0,0,0,0,0
9900,1999,62222,110,85,1075,0,1,1,1,0
8750,1999,62135,86,69,1035,1,0,0,0,0
9950,1999,62024,110,85,1075,0,1,1,1,1
8500,1999,61977,86,69,1015,0,0,0,0,1
9950,1999,61930,110,69,1035,1,0,1,1,0
10950,1999,61682,110,69,1050,1,1,1,1,1
9795,1999,61568,110,69,1035,1,0,0,0,0
8750,1999,61504,110,69,1035,1,0,1,1,0
8250,1999,61384,110,69,1050,0,0,0,0,1
9950,1999,61343,110,85,1075,0,1,1,1,1
9950,1999,61254,110,85,1075,1,1,1,1,1
10500,1999,61166,110,69,1050,0,1,1,1,1
9750,1999,61149,86,69,1040,1,1,1,1,1
11250,1999,61144,110,85,1090,1,1,1,1,1
8900,1999,61127,110,69,1050,1,0,1,0,0
7950,1999,61100,86,69,1015,0,0,0,0,0
11500,1999,61100,110,85,1075,0,1,1,1,0
9450,1999,61000,110,69,1050,1,0,0,0,0
7995,1999,60724,86,69,1015,1,0,0,0,1
10995,1999,60708,86,69,1045,0,1,1,1,0
8950,1999,60532,110,69,1050,1,0,1,1,0
8250,1999,60000,86,69,1030,0,0,0,0,0
8950,1999,60000,86,69,1015,1,0,0,0,0
8950,1999,60000,86,69,1015,1,0,0,0,0
9500,1999,59295,86,69,1035,1,0,0,0,0
7500,1999,59264,86,69,1015,0,0,0,1,0
8950,1999,59000,110,69,1050,1,0,0,0,0
9950,1999,59000,86,19,1035,1,1,1,1,0
9750,1999,59000,110,19,1075,0,1,1,0,0
9450,1999,59000,110,85,1070,1,1,0,0,0
9950,1999,59000,110,69,1050,0,0,0,0,0
9750,1999,58860,110,85,1055,1,1,1,1,0
8950,1999,58829,110,69,1050,1,0,0,0,0
8250,1999,58654,110,85,1070,1,0,0,0,0
7750,1999,58300,86,69,1015,1,0,0,0,0
8950,1999,58269,110,69,1050,0,0,0,0,0
9950,1999,58136,110,85,1075,0,1,1,1,1
9450,1999,58113,107,85,1085,1,1,1,1,0
12950,1999,58058,110,85,1065,0,1,1,1,1
9950,1999,58000,110,69,1050,0,1,1,1,0
10495,1999,58000,110,85,1065,1,1,1,1,1
7950,1999,57565,86,69,1035,0,0,0,0,0
10500,1999,57413,107,85,1115,1,0,0,0,0
8950,1999,57374,110,85,1075,0,1,1,1,1
9900,1999,57179,110,85,1075,0,1,1,1,1
9995,1999,57169,110,85,1065,0,1,1,1,1
9950,1999,57124,110,85,1065,0,1,1,1,1
9950,1999,57000,110,69,1050,0,1,0,0,0
8250,1999,57000,110,69,1050,0,0,0,0,0
9950,1999,57000,86,69,1035,0,0,0,0,0
8950,1999,56259,86,69,1015,0,0,0,0,0
10950,1999,56209,107,85,1080,1,0,1,1,1
9250,1999,56074,86,69,1000,1,0,0,0,0
9950,1999,55942,110,85,1070,1,1,1,1,0
9995,1999,55844,86,69,1045,0,1,1,1,1
8750,1999,55747,86,69,1020,0,1,1,1,1
10950,1999,55478,86,69,1045,0,1,1,1,1
10350,1999,55085,107,85,1105,1,1,1,1,1
9950,1999,55061,110,85,1070,0,0,1,1,0
8950,1999,55000,86,69,1015,0,0,0,0,0
10950,1999,55000,110,85,1075,0,1,1,1,1
10950,1999,54936,110,85,1075,1,1,1,1,1
8950,1999,54875,110,85,1070,1,0,0,0,0
8900,1999,54847,110,69,1050,1,1,1,1,0
10250,1999,54554,110,85,1065,1,1,1,1,1
9450,1999,54125,110,69,1035,0,0,1,1,0
9250,1999,54000,110,85,1055,1,1,1,1,0
10500,1999,54000,110,85,1075,0,1,1,0,0
7350,1999,54000,86,69,1035,0,0,0,0,0
10250,1999,54000,110,19,1135,0,1,1,1,0
10250,1999,53285,110,85,1075,1,1,1,1,0
11500,1999,53053,110,85,1075,0,1,1,1,1
8950,1999,53000,110,19,1075,0,1,1,1,0
7750,1999,53000,86,69,1015,0,0,0,0,0
9500,1999,52968,110,69,1050,1,0,0,0,0
8450,1999,52800,86,69,1015,0,0,1,1,0
8950,1999,52548,110,69,1050,0,1,1,1,0
8400,1999,52487,110,69,1035,0,0,0,0,0
9250,1999,52383,86,69,1015,0,0,0,0,0
8900,1999,52112,110,69,1035,0,1,1,1,0
8750,1999,51712,110,69,1050,0,1,1,1,1
10950,1999,51421,110,85,1105,0,0,1,1,0
8950,1999,51235,86,69,1000,0,0,0,0,0
8950,1999,51000,86,69,1015,0,0,0,1,0
8895,1999,50925,110,85,1070,1,0,0,0,0
9390,1999,50806,86,19,1480,0,0,0,0,0
8750,1999,50469,110,85,1070,1,1,0,0,1
9750,1999,50173,110,85,1075,0,1,1,1,1
9950,1999,50000,110,85,1075,0,1,1,1,1
10950,1999,49942,110,85,1065,0,1,1,1,1
9900,1999,49585,110,85,1085,1,0,0,0,1
9500,1999,49258,110,69,1035,0,1,0,1,0
9950,1999,49000,110,69,1050,0,1,0,0,0
9950,1999,48738,110,85,1055,0,1,1,1,0
10500,1999,47750,86,69,1040,0,1,1,1,1
9950,1999,47612,86,69,1015,0,0,0,0,0
10495,1999,47500,86,69,1035,1,0,1,1,0
9500,1999,47237,110,69,1050,0,0,1,1,1
8500,1999,47171,86,69,1015,1,0,1,1,0
10450,1999,47060,110,69,1035,1,1,0,0,0
8950,1999,47014,86,69,1015,0,0,0,0,0
9900,1999,46929,86,69,1025,1,1,1,1,0
8900,1999,46000,86,69,1035,0,0,0,0,0
8745,1999,45681,110,69,1050,0,0,0,0,0
8750,1999,45549,86,69,1015,0,0,0,0,0
10750,1999,45000,110,69,1050,0,1,1,1,1
9750,1999,45000,110,69,1050,0,0,0,0,0
8850,1999,45000,110,85,1075,0,1,1,1,1
7950,1999,45000,86,69,1035,0,0,0,0,0
9450,1999,45000,110,69,1035,1,0,0,0,0
9950,1999,45000,107,85,1085,0,1,1,1,0
8250,1999,44944,110,69,1035,0,1,1,1,0
9950,1999,44597,86,19,1015,0,0,0,0,0
9995,1999,44458,86,69,1015,1,0,0,0,1
9950,1999,43818,110,85,1070,0,1,0,0,0
10495,1999,43426,110,85,1070,1,0,0,0,0
7950,1999,43000,110,72,1114,0,0,1,1,0
8950,1999,43000,110,69,1035,0,0,0,0,0
9695,1999,43000,110,85,1075,0,1,0,0,1
7750,1999,43000,86,69,1015,0,0,0,0,0
9950,1999,42750,110,69,1050,0,0,0,0,0
9950,1999,42102,110,85,1075,1,1,1,1,1
9950,1999,41586,110,19,1114,0,0,0,0,0
9900,1999,41200,110,85,1070,0,0,1,0,0
10950,1999,40214,86,69,1025,1,1,1,1,1
8950,1999,40000,86,69,1000,1,0,0,0,0
8950,1999,39222,86,69,1045,1,0,0,0,0
8250,1999,39144,110,69,1050,1,0,1,1,0
10250,1999,39000,110,85,1075,1,1,1,1,1
8750,1999,38019,110,85,1070,1,1,0,0,0
9750,1999,37759,110,85,1070,1,0,0,0,0
10950,1999,37500,110,85,1085,1,0,0,0,0
10950,1999,37111,110,69,1050,1,0,1,1,0
9750,1999,37000,86,69,1015,0,0,0,0,0
8900,1999,36954,110,69,1050,1,0,1,1,0
9500,1999,36943,110,85,1070,1,0,0,0,0
9950,1999,36923,86,69,1050,0,0,0,0,0
9950,1999,36658,110,69,1050,0,1,1,1,0
8250,1999,36000,86,69,1015,0,0,0,0,0
10450,1999,36000,110,85,1065,1,1,1,1,1
10950,1999,35512,110,85,1065,0,1,1,1,1
9250,1999,35283,86,69,1015,0,0,1,1,0
8900,1999,35000,110,69,1050,1,0,1,0,0
10900,1999,35000,86,69,1045,1,1,1,1,0
9750,1999,34114,110,69,1050,1,0,0,0,0
11950,1999,34000,110,85,1075,0,1,1,1,1
7900,1999,33847,86,69,1000,1,0,0,0,0
10900,1999,33535,110,69,1035,0,0,0,0,0
10450,1999,33000,110,69,1050,0,0,0,0,1
10950,1999,32150,110,85,1085,0,1,0,1,1
9950,1999,31588,86,69,1015,1,0,0,0,0
10750,1999,31480,110,85,1065,0,1,1,1,1
9900,1999,31307,110,85,1070,1,0,0,0,0
10750,1999,31000,110,69,1035,0,1,1,1,0
10450,1999,30634,110,85,1075,1,1,1,1,1
9450,1999,30300,86,69,1000,1,0,1,1,0
10750,1999,28500,86,69,1045,0,0,1,1,0
10950,1999,28500,110,85,1075,0,1,1,1,1
10000,1999,28000,86,69,1015,0,0,1,1,0
10500,1999,26698,110,85,1055,0,1,1,1,0
12500,1999,26000,107,85,1085,0,1,1,1,0
8950,1999,25505,86,69,1035,1,0,1,1,0
10500,1999,25000,110,85,1075,0,0,1,0,0
9245,1999,22835,110,69,1050,1,0,1,1,0
10950,1999,22705,110,85,1075,1,1,1,1,1
9500,1999,22178,86,69,1015,0,0,1,1,0
10900,1999,17345,110,69,1050,0,0,1,1,0
10950,1999,15535,86,69,1030,0,0,0,0,0
9450,1999,15110,86,69,1035,0,0,0,0,0
5900,1998,232940,72,40,1172,0,1,0,0,0
6950,1998,218118,72,185,1150,0,0,0,0,0
6000,1998,217764,72,185,1135,1,1,1,0,0
5250,1998,207114,110,197,1114,0,1,0,0,0
4400,1998,203254,72,64,1135,0,1,1,0,0
6750,1998,200732,72,185,1100,0,0,0,0,0
8500,1998,197501,72,185,1135,0,1,1,0,1
6150,1998,194765,72,185,1120,0,1,1,1,0
6950,1998,191620,72,185,1150,0,1,0,0,0
5750,1998,183277,72,185,1115,0,0,0,0,0
8750,1998,180378,72,185,1100,0,1,1,1,0
6500,1998,178800,72,185,1115,0,0,0,0,0
5950,1998,176177,110,85,1075,0,1,1,1,1
6500,1998,176000,86,69,1035,0,0,1,1,0
10500,1998,172980,72,64,1135,0,0,0,0,0
8500,1998,170000,72,185,1100,0,0,0,0,0
7950,1998,164000,110,19,1050,0,0,1,1,0
5800,1998,161775,86,69,1015,0,0,1,1,0
6750,1998,160000,86,69,1015,0,0,0,0,0
6950,1998,159968,72,185,1115,0,0,0,0,0
5740,1998,159908,110,69,1050,0,1,0,0,1
6550,1998,158492,86,69,1015,0,0,0,0,0
8950,1998,156204,72,185,1115,0,0,0,0,0
6750,1998,156169,86,69,1035,0,0,1,1,1
7950,1998,155210,110,69,1050,0,0,1,1,1
7950,1998,155000,72,185,1115,0,0,0,0,0
7450,1998,154900,72,185,1140,0,1,1,1,1
7750,1998,151300,72,185,1150,0,0,0,0,0
6450,1998,151000,110,197,1094,0,1,1,1,1
7900,1998,150000,72,64,1135,0,0,0,0,0
6900,1998,146304,72,185,1115,0,0,0,0,0
5600,1998,146197,86,69,1015,0,0,0,0,0
5950,1998,145996,110,69,1035,0,1,1,1,0
6950,1998,143560,86,69,1045,0,0,0,0,0
7950,1998,139145,73,185,1115,0,0,0,0,0
8950,1998,138500,86,69,1050,0,0,0,0,0
7950,1998,137741,90,185,1135,0,0,0,0,0
9500,1998,137178,90,185,1135,0,0,1,1,0
8600,1998,134889,72,185,1115,1,0,1,1,0
5950,1998,134660,72,64,1135,0,0,0,0,0
7750,1998,134539,110,85,1070,0,1,1,1,0
7950,1998,131500,72,185,1140,0,1,1,1,0
6950,1998,131307,110,69,1050,0,0,0,0,0
7250,1998,130025,110,69,1050,0,0,0,0,0
6500,1998,130000,86,19,1015,0,0,0,0,0
7250,1998,128960,110,85,1070,0,1,1,1,0
9250,1998,128351,110,85,1070,0,1,1,1,0
8250,1998,128006,110,69,1050,1,0,1,1,1
7250,1998,127159,72,185,1115,0,0,0,0,0
5250,1998,126478,110,69,1035,0,1,0,0,1
7900,1998,126000,110,69,1050,0,0,0,0,0
6900,1998,125778,110,69,1050,0,0,0,0,0
7900,1998,125400,110,69,1050,0,0,1,1,0
7250,1998,124910,72,185,1135,0,0,0,0,0
8450,1998,124743,110,69,1050,0,0,1,1,1
7950,1998,124591,110,85,1075,1,1,1,1,0
7950,1998,124057,110,69,1050,1,0,0,0,0
6450,1998,123403,110,69,1050,1,1,1,1,0
6650,1998,123104,110,85,1070,0,0,0,0,0
7950,1998,123077,86,69,1015,0,0,0,0,0
7250,1998,122820,86,69,1040,0,1,1,1,1
7450,1998,122290,110,69,1050,0,0,0,0,1
7950,1998,121900,110,69,1035,0,1,1,1,0
7250,1998,121545,110,85,1070,0,0,0,0,0
8250,1998,120474,72,185,1115,0,0,0,0,0
8950,1998,120263,72,64,1135,0,0,0,0,0
7750,1998,120196,110,69,1050,0,1,1,1,1
8500,1998,120000,110,85,1085,0,0,0,0,1
7750,1998,120000,110,85,1075,0,0,1,1,0
5750,1998,115877,110,69,1035,0,1,0,0,0
6900,1998,115345,110,85,1070,0,0,1,1,0
6500,1998,115157,110,69,1050,0,0,1,1,1
6500,1998,115000,107,85,1100,0,1,0,0,0
7600,1998,114258,86,69,1050,0,0,0,0,0
8950,1998,112963,72,185,1135,1,0,0,0,0
7450,1998,112307,110,85,1070,1,0,1,1,0
7350,1998,112000,86,69,1015,0,0,1,1,0
7750,1998,111602,86,69,1015,0,0,1,1,0
7460,1998,111392,110,197,1083,0,0,1,1,1
9250,1998,110901,110,85,1085,1,1,1,1,0
7250,1998,110887,110,85,1055,0,0,1,1,0
6500,1998,110634,86,69,1015,1,0,1,1,1
6800,1998,110000,110,69,1035,0,1,1,1,0
8700,1998,109540,110,85,1085,1,1,1,1,0
7500,1998,109263,110,85,1070,0,0,0,0,0
7750,1998,107516,110,69,1050,1,0,0,0,0
7950,1998,107108,110,69,1050,0,0,1,1,0
9950,1998,107000,110,69,1050,0,1,1,0,1
6640,1998,106250,110,85,1070,0,0,0,0,0
8750,1998,106150,86,19,1015,0,0,0,0,0
7750,1998,106108,110,69,1050,0,0,1,1,1
5950,1998,105856,86,69,1015,0,0,0,1,0
6750,1998,105152,86,69,1015,0,0,0,0,0
6500,1998,105135,110,69,1050,0,1,0,0,0
8750,1998,104344,110,69,1050,0,1,1,1,0
7950,1998,104150,110,69,1050,0,0,1,1,0
6750,1998,104000,86,69,1010,0,0,0,0,0
7950,1998,103121,86,69,1035,0,0,1,1,0
7950,1998,102300,86,69,1015,0,0,0,0,0
8950,1998,102005,107,85,1105,0,0,1,1,0
7750,1998,102000,86,69,1015,1,0,0,0,0
6450,1998,101855,110,85,1070,0,0,0,0,0
6900,1998,101773,110,69,1050,0,1,0,0,0
8450,1998,101159,110,85,1085,0,0,1,1,0
6750,1998,101000,86,19,1015,0,0,1,1,0
8050,1998,100732,86,69,1030,0,0,0,0,0
9500,1998,100719,110,85,1070,0,1,1,1,0
7750,1998,100487,110,69,1035,1,1,1,1,0
8500,1998,100458,110,85,1085,0,1,0,0,0
7795,1998,100192,110,69,1050,1,1,1,1,1
6490,1998,100123,110,69,1050,1,0,0,0,0
7950,1998,99971,110,69,1050,0,1,1,1,0
6425,1998,99397,86,69,1035,0,0,0,0,0
8950,1998,99374,86,69,1035,0,0,0,0,0
6950,1998,99245,110,19,1114,0,0,1,1,0
8750,1998,98742,110,85,1085,1,0,0,0,0
8450,1998,98154,110,69,1050,0,1,1,1,1
7950,1998,98000,110,19,1065,0,1,1,1,1
7950,1998,97548,86,69,1035,1,0,0,0,1
8900,1998,97534,110,85,1070,0,0,0,0,0
8950,1998,97494,110,85,1085,1,0,1,1,0
8900,1998,97085,110,85,1085,1,0,1,0,0
7950,1998,97000,110,69,1035,1,0,0,0,0
6495,1998,96302,86,69,1015,0,0,0,0,0
7250,1998,96000,86,69,1015,0,0,0,0,1
9250,1998,96000,110,85,1085,1,0,0,0,0
6650,1998,95909,110,85,1070,0,0,0,0,0
6990,1998,95700,110,85,1085,0,0,0,0,0
7750,1998,95651,110,85,1070,0,0,0,0,0
6950,1998,95000,86,69,1035,1,0,0,0,0
7250,1998,94447,110,69,1050,0,0,1,1,0
9950,1998,94079,110,85,1085,1,1,1,1,0
9250,1998,93841,110,85,1070,0,0,0,1,0
7200,1998,93090,86,69,1035,0,0,1,1,0
8250,1998,93066,110,85,1075,0,0,1,1,1
8950,1998,93039,110,69,1050,0,0,1,1,1
8250,1998,93000,110,85,1075,0,1,1,1,0
6250,1998,92830,86,69,1015,0,0,0,0,0
9900,1998,92255,107,85,1105,1,0,1,1,0
7300,1998,92096,86,69,1035,0,1,0,0,0
8950,1998,91921,86,69,1020,0,0,1,1,0
6500,1998,91900,86,69,1015,0,0,1,1,1
7950,1998,91399,110,85,1070,1,0,0,1,0
7450,1998,91082,110,69,1050,1,0,0,0,0
7950,1998,90370,86,69,1035,1,0,0,0,1
8500,1998,90345,86,69,1035,0,0,1,1,0
6950,1998,90305,86,69,1015,0,0,0,0,0
7950,1998,90011,86,69,1045,1,0,0,0,0
6750,1998,90000,86,69,1015,0,0,0,0,0
8450,1998,89983,110,85,1055,1,1,1,1,1
7500,1998,89953,110,19,1114,0,0,0,0,0
8750,1998,89800,72,185,1115,0,0,0,0,0
8750,1998,89739,86,69,1035,1,0,0,0,0
8950,1998,89520,110,69,1050,1,0,0,0,0
7450,1998,89507,86,69,1015,0,0,0,0,0
9200,1998,89096,110,85,1085,0,0,1,0,0
8950,1998,88700,110,69,1050,0,0,0,0,0
7850,1998,88500,110,85,1075,0,1,1,1,0
6950,1998,88186,72,185,1115,0,0,0,0,0
7200,1998,88000,110,69,1050,0,0,1,1,0
7450,1998,87743,110,85,1055,0,0,1,1,0
6750,1998,87613,86,69,1015,0,0,0,0,0
7500,1998,87358,110,69,1050,1,0,1,1,1
7450,1998,87083,110,69,1035,1,1,1,1,0
7950,1998,87000,110,69,1035,1,0,0,0,0
7250,1998,87000,110,69,1035,0,1,0,0,0
7950,1998,87000,86,69,1015,0,0,0,0,0
8250,1998,87000,86,69,1015,0,0,0,0,0
8250,1998,86860,110,85,1075,1,1,1,1,1
6750,1998,86109,110,85,1055,0,1,1,1,0
8750,1998,86000,86,69,1040,0,0,1,1,0
8950,1998,86000,110,19,1050,0,1,1,1,0
8500,1998,85864,72,185,1135,0,1,1,1,0
8250,1998,85565,110,85,1070,0,1,1,1,1
9450,1998,85470,107,85,1080,0,1,0,0,0
7950,1998,85200,110,69,1050,1,0,0,0,0
7900,1998,85000,110,85,1055,1,1,1,1,0
8500,1998,84988,110,69,1050,0,0,0,0,0
8250,1998,84966,110,85,1070,0,1,1,1,0
8250,1998,84472,110,85,1070,1,0,0,0,0
8950,1998,84402,110,69,1035,1,1,1,1,0
7950,1998,84123,110,69,1050,0,0,0,0,0
6950,1998,84000,110,85,1075,0,1,1,1,1
7250,1998,84000,110,19,1065,0,1,0,0,0
7750,1998,84000,110,85,1085,0,0,0,0,0
8700,1998,83850,110,85,1055,0,1,1,1,0
8950,1998,83540,110,85,1070,1,0,0,0,0
6750,1998,83405,110,85,1070,0,0,0,0,0
7500,1998,83291,110,85,1070,0,1,0,0,0
7950,1998,83133,86,69,1015,0,0,0,0,0
8950,1998,83047,86,69,1045,0,0,0,0,0
7950,1998,82700,110,69,1050,0,0,1,1,0
7450,1998,82675,86,69,1015,0,0,0,0,0
5950,1998,82595,86,19,1015,0,0,0,0,0
7750,1998,82256,110,69,1050,0,0,1,1,0
6950,1998,82103,86,69,1015,1,0,0,0,0
8750,1998,82021,86,69,1035,1,0,0,0,0
8950,1998,82000,110,85,1075,0,1,1,1,1
7495,1998,81988,110,85,1070,1,0,1,0,0
7750,1998,81930,110,85,1070,1,0,0,0,0
6950,1998,81663,110,69,1050,0,0,1,1,0
7990,1998,80486,110,85,1070,0,0,0,0,0
7250,1998,80000,110,19,1065,0,1,0,0,0
6900,1998,79000,86,69,1015,0,0,0,0,0
7750,1998,78894,110,85,1070,0,0,0,0,0
7250,1998,78689,110,69,1035,0,0,0,0,0
8950,1998,78435,86,69,1015,0,0,0,0,0
8500,1998,78260,110,69,1050,0,0,0,0,0
7950,1998,78120,110,85,1075,1,0,1,1,0
6950,1998,77000,86,19,1015,0,0,0,0,0
8000,1998,77000,110,69,1050,0,0,1,1,0
7950,1998,76382,110,85,1055,0,0,1,1,0
8500,1998,76268,86,69,1015,1,0,0,0,0
7490,1998,76151,86,69,1015,0,0,0,0,1
8250,1998,76000,110,69,1050,1,0,1,1,1
9250,1998,76000,110,85,1070,0,1,1,1,0
7950,1998,75840,86,69,1035,0,0,0,0,0
9500,1998,75799,110,19,1050,0,0,0,0,0
8950,1998,75525,110,19,1114,0,0,1,1,1
8450,1998,75323,86,69,1050,0,0,0,0,0
7995,1998,75322,110,85,1115,0,0,0,0,0
8750,1998,75226,110,69,1035,0,0,0,0,0
5950,1998,75085,86,69,1035,0,0,0,0,0
8500,1998,75000,110,85,1075,0,1,1,1,0
8950,1998,75000,86,69,1000,1,0,0,0,0
8750,1998,75000,86,69,1000,1,1,1,1,0
7600,1998,74926,110,85,1075,0,0,1,1,0
7145,1998,74785,110,85,1070,0,0,0,0,0
8450,1998,74573,110,85,1085,1,0,0,0,0
5950,1998,74567,86,19,1015,0,0,0,0,0
9000,1998,74196,110,85,1075,0,1,1,1,1
7250,1998,74151,110,69,1050,0,0,0,0,0
7400,1998,74096,110,69,1050,0,0,1,1,0
8800,1998,74093,110,85,1075,1,1,1,1,1
7750,1998,74000,110,69,1050,0,1,0,0,0
7500,1998,74000,86,69,1015,0,0,0,0,0
8450,1998,73638,86,19,1015,0,0,1,1,0
7400,1998,73460,110,85,1070,0,0,0,0,0
7500,1998,73200,110,85,1070,0,0,1,1,0
8950,1998,73116,110,85,1075,0,1,1,1,1
8950,1998,73014,110,85,1075,0,1,1,1,0
7950,1998,72703,110,69,1050,0,0,0,0,0
7950,1998,72328,110,85,1075,0,0,1,1,0
7950,1998,72222,110,85,1070,0,1,1,1,0
8950,1998,72128,107,85,1100,0,0,1,1,0
7750,1998,72090,110,85,1070,1,0,0,0,0
8250,1998,72000,110,69,1035,1,1,1,1,0
7950,1998,72000,110,85,1055,1,0,1,1,0
7750,1998,71900,86,69,1015,1,0,0,0,0
8500,1998,71825,110,85,1075,0,0,1,1,0
6950,1998,71740,110,85,1070,0,0,0,0,0
7500,1998,71500,110,69,1035,0,0,0,0,0
7750,1998,71359,110,69,1050,1,1,0,0,0
5950,1998,71263,86,69,1015,0,0,0,0,0
7500,1998,71186,110,69,1050,0,1,0,0,0
8950,1998,71054,86,69,1045,0,0,0,0,0
7950,1998,71000,110,69,1050,1,0,0,0,0
6900,1998,70939,110,85,1100,0,0,1,1,0
7450,1998,70932,110,69,1050,1,0,1,1,0
8500,1998,70597,107,85,1080,1,0,1,0,0
7500,1998,70482,110,19,1075,0,0,0,0,0
8750,1998,70124,110,69,1050,1,0,1,0,0
7500,1998,70039,110,69,1050,1,0,0,0,0
9950,1998,69904,110,85,1070,0,1,1,1,0
7950,1998,69388,86,69,1010,0,0,0,0,0
9950,1998,69320,110,85,1070,1,1,1,1,0
9250,1998,69000,110,85,1075,0,0,1,1,0
9250,1998,68988,86,69,1035,1,0,0,0,1
9950,1998,68945,110,85,1085,1,1,1,1,0
5950,1998,68285,110,69,1050,1,0,0,1,0
7995,1998,68000,110,85,1075,0,1,1,1,0
8950,1998,68000,86,69,1045,1,0,0,0,0
7450,1998,67451,86,69,1000,0,0,0,0,0
8250,1998,67266,86,69,1035,0,0,1,0,0
8500,1998,67255,110,85,1085,0,0,0,0,0
8500,1998,67100,110,85,1075,0,1,1,1,1
9400,1998,67092,72,185,1115,0,1,1,1,0
7250,1998,66880,110,85,1055,1,0,1,1,1
8950,1998,66855,110,85,1075,0,1,1,1,1
9450,1998,66843,110,85,1075,1,1,1,1,1
8500,1998,66718,110,69,1050,0,1,1,1,0
6750,1998,66168,86,69,1015,1,0,0,0,0
7400,1998,65950,110,85,1070,0,0,0,0,0
8950,1998,65500,86,69,1015,1,0,0,0,0
6900,1998,65307,110,85,1055,1,0,1,1,1
7750,1998,65254,86,69,1015,1,0,0,0,0
8950,1998,65021,72,185,1115,0,0,0,0,0
6950,1998,65006,86,69,1015,0,0,0,0,0
8495,1998,64280,110,69,1035,1,0,0,0,1
10000,1998,64000,107,85,1085,0,0,1,1,0
6999,1998,64000,110,85,1070,0,0,0,0,0
8950,1998,64000,110,85,1055,0,0,1,1,0
8500,1998,63918,110,69,1035,0,0,1,1,0
8750,1998,63634,110,69,1035,0,1,1,1,1
7499,1998,63500,110,69,1050,0,0,1,1,0
9000,1998,63266,110,69,1035,1,1,1,0,0
8950,1998,62595,110,69,1050,1,0,0,0,0
6950,1998,62581,110,85,1075,0,0,1,1,0
8500,1998,62285,110,85,1075,1,1,1,1,1
8450,1998,61906,86,85,1065,0,0,1,1,0
8950,1998,61700,110,85,1070,0,1,0,0,0
8250,1998,61648,110,85,1070,1,0,1,0,0
7950,1998,61626,86,69,1035,0,0,0,0,0
7450,1998,61510,110,69,1035,1,0,0,0,0
9000,1998,61165,107,85,1080,1,1,0,0,0
7150,1998,61000,110,69,1035,0,0,1,1,0
7750,1998,60833,110,69,1035,0,0,0,0,0
5845,1998,60600,86,85,1060,0,0,0,0,0
8500,1998,60483,110,85,1075,1,0,1,1,0
8250,1998,60476,110,19,1114,0,1,1,1,0
9450,1998,60142,110,69,1050,1,0,1,1,0
6750,1998,60050,110,69,1050,0,0,0,0,0
8400,1998,60000,110,69,1050,0,0,1,1,0
7900,1998,60000,110,69,1050,1,0,0,0,0
7950,1998,59815,110,85,1055,0,1,1,1,0
8750,1998,59326,110,85,1085,1,0,0,0,0
9900,1998,59240,110,69,1050,1,1,1,1,0
6495,1998,59164,110,69,1035,0,0,0,0,0
8250,1998,59017,107,85,1080,1,1,1,1,0
6900,1998,58952,110,69,1050,0,1,1,0,0
7500,1998,58454,86,69,1015,0,0,1,1,0
7950,1998,58341,86,69,1030,1,0,0,0,0
8250,1998,58267,110,85,1070,0,0,1,1,1
8950,1998,58000,110,85,1055,0,0,1,1,1
9750,1998,57829,110,19,1050,0,1,1,1,0
8250,1998,57787,86,69,1015,1,0,0,0,0
8900,1998,57628,110,85,1075,0,0,1,1,0
8950,1998,57537,86,69,1050,0,0,0,0,0
6750,1998,57263,110,69,1050,0,0,0,0,1
7950,1998,57144,110,85,1070,1,0,0,0,1
8600,1998,57096,86,69,1025,0,0,1,1,1
7750,1998,57000,86,69,1000,1,0,0,0,0
7800,1998,56566,110,69,1050,0,1,1,1,1
8750,1998,56307,110,69,1050,1,1,1,1,0
9500,1998,56214,86,69,1015,0,0,1,1,0
7750,1998,56132,110,69,1035,0,0,0,0,0
9950,1998,55425,110,85,1075,1,1,1,1,0
7750,1998,54439,86,69,1015,0,0,1,1,0
5950,1998,53809,110,69,1050,0,0,0,0,0
10950,1998,53133,110,85,1070,1,1,0,0,0
9450,1998,52900,110,19,1075,0,0,0,0,0
8250,1998,52700,110,69,1050,0,0,0,1,0
9750,1998,52320,110,85,1070,1,0,1,1,0
7450,1998,52287,110,19,1114,0,0,1,1,0
8750,1998,52000,110,19,1075,0,1,1,1,0
8750,1998,52000,110,69,1050,0,0,0,0,0
8500,1998,52000,110,85,1065,1,0,1,1,0
8950,1998,51874,86,69,1000,0,0,0,0,0
7500,1998,49827,86,69,1035,0,0,1,1,0
7250,1998,49640,110,69,1035,0,0,0,0,0
7450,1998,49580,110,69,1035,0,0,1,1,0
8750,1998,49170,86,69,1045,1,0,0,0,0
9800,1998,48838,110,85,1055,0,0,1,1,0
7500,1998,48576,86,69,1015,1,0,0,0,0
8950,1998,48400,110,85,1075,0,0,1,1,1
8950,1998,48242,86,69,1035,0,0,0,0,0
7450,1998,47955,110,85,1070,0,0,0,0,0
8950,1998,47633,110,85,1075,0,1,0,1,0
10500,1998,47400,86,69,1040,1,0,1,1,0
7000,1998,47360,86,69,1010,0,0,0,0,0
8500,1998,45507,110,69,1050,0,1,1,1,0
7750,1998,45410,86,69,1035,1,0,0,0,0
8950,1998,44850,110,69,1050,0,1,0,0,0
8250,1998,44826,110,85,1075,0,1,1,1,0
9250,1998,44444,110,69,1050,1,1,1,1,1
7900,1998,43720,110,85,1070,0,0,0,0,0
8500,1998,43622,86,69,1000,0,0,1,0,0
7950,1998,43532,110,85,1070,1,0,0,0,0
9950,1998,42800,110,69,1050,1,0,0,0,0
8750,1998,42317,107,85,1100,1,1,1,0,0
7500,1998,42186,110,69,1050,0,0,0,0,0
6950,1998,42000,110,69,1050,0,0,0,0,0
8950,1998,40093,110,19,1114,0,0,1,0,0
8750,1998,39800,107,85,1080,0,0,0,0,0
7750,1998,39168,86,69,1015,1,0,0,0,0
8450,1998,38945,110,69,1050,1,1,1,1,1
8150,1998,36537,110,85,1075,0,0,0,0,0
8500,1998,36000,86,69,1045,0,0,0,0,0
7600,1998,36000,110,69,1050,1,0,1,1,1
7950,1998,35821,86,19,1015,0,0,0,0,0
7750,1998,34717,86,69,1015,0,0,0,0,0
7950,1998,34000,86,69,1000,1,0,0,0,0
9950,1998,30964,110,85,1080,1,1,0,0,0
8950,1998,29000,86,69,1045,1,0,0,0,0
8450,1998,26000,86,69,1015,0,0,0,0,0
8950,1998,24000,86,85,1065,1,0,0,0,0
8450,1998,23000,86,69,1015,0,0,0,0,1
7500,1998,20544,86,69,1025,1,1,1,1,0
10845,1998,19000,86,69,1015,0,0,0,0,0
8500,1998,17016,86,69,1015,0,0,0,0,0
7250,1998,16916,86,69,1015,1,0,0,0,0
6950,1998,1,110,19,1114,0,0,0,0,0
